EmbryoID,CellCycle,Stage,RNAi,ASI_1,ASI_2,ASI_3,ASI_4,ASI_5,ASI_6,ASI_7,ASI_8,ASI_9,ASI_10,ASI_11,ASI_12,ASI_13,ASI_14,ASI_15,ASI_16,ASI_17,ASI_18,ASI_19,ASI_20,ASI_21,ASI_22,ASI_23,ASI_24,ASI_25,ASI_26,ASI_27,ASI_28,ASI_29,ASI_30,ASI_31,Time_1,Time_2,Time_3,Time_4,Time_5,Time_6,Time_7,Time_8,Time_9,Time_10,Time_11,Time_12,Time_13,Time_14,Time_15,Time_16,Time_17,Time_18,Time_19,Time_20,Time_21,Time_22,Time_23,Time_24,Time_25,Time_26,Time_27,Time_28,Time_29,Time_30,Time_31,ASI_Norm_1,ASI_Norm_2,ASI_Norm_3,ASI_Norm_4,ASI_Norm_5,ASI_Norm_6,ASI_Norm_7,ASI_Norm_8,ASI_Norm_9,ASI_Norm_10,ASI_Norm_11,ASI_Norm_12,ASI_Norm_13,ASI_Norm_14,ASI_Norm_15,ASI_Norm_16,ASI_Norm_17,ASI_Norm_18,ASI_Norm_19,ASI_Norm_20,ASI_Norm_21,ASI_Norm_22,ASI_Norm_23,ASI_Norm_24,ASI_Norm_25,ASI_Norm_26,ASI_Norm_27,ASI_Norm_28,ASI_Norm_29,ASI_Norm_30,ASI_Norm_31
22Nov23_kk1216_cdc42RNAi_CH1_Stage1_proMeet,50,early maint.,cdc42RNAi,0.365219752,0.422338044,0.557688289,0.404786906,0.416026564,0.411485451,0.389547039,0.403904202,0.384141034,0.388970812,0.331759735,0.384535012,0.36210725,0.373607245,0.362198165,0.386150928,0.399752306,0.393576041,0.392789211,0.333713548,0.409320195,0.352675418,0.360651895,0.38717794,0.393767624,0.340250047,0.322172664,0.359734598,0.326973915,0.394065532,0.351434969,0,2,4,6,8,10,12,14,16,18,20,22,24,26,28,30,32,34,36,38,40,42,44,46,48,50,52,54,56,58,60,0.838047646,0.969113529,1.27969354,0.928839997,0.954630959,0.944210742,0.893869996,0.92681451,0.881465164,0.892547764,0.761268971,0.882369203,0.830905576,0.857293917,0.831114191,0.886077146,0.917287405,0.903115104,0.901309613,0.765752267,0.939242262,0.809262921,0.827566059,0.888433768,0.903554718,0.780751174,0.739270098,0.825461195,0.750287239,0.904238309,0.806416537
22Nov23_kk1216_cdc42RNAi_CH1_Stage4_proMeet,41.7,early maint.,cdc42RNAi,0.473662267,0.410027623,0.422741669,0.417436462,0.409707183,0.357492925,0.347839213,0.421446228,0.341191445,0.318956497,0.322988144,0.351342361,0.310265883,0.354844137,0.326509519,0.35178041,0.201496438,0.315491675,0.245089445,0.312615889,0.278214406,0.288567596,0.253825655,0.243615197,0.226108323,0.298460657,0.277204091,0.254464617,0.235574,0.265330703,0.263257592,0,2,4,6,8,10,12,14,16,18,20,22,24,26,28,30,32,34,36,38,40,42,44,46,48,50,52,54,56,58,60,1.042696984,0.902614786,0.930602867,0.918924244,0.901909386,0.786967468,0.765716258,0.927751146,0.751082186,0.702135256,0.711010327,0.773427917,0.683004164,0.781136555,0.71876211,0.774392217,0.44356442,0.694507968,0.539527936,0.688177352,0.612447607,0.635238614,0.558759401,0.536282597,0.49774382,0.657016715,0.610223548,0.560165982,0.518581101,0.584086053,0.579522407
22Nov23_kk1216_cdc42RNAi_CH2_Stage5_postNEBD,83.3,late maint.,cdc42RNAi,0.394423436,0.390194249,0.687973649,0.292682721,0.417165021,0.283256565,0.280744289,0.324557751,0.222179652,0.278875362,0.256268009,0.248784747,0.182694793,0.212899115,0.191533415,0.192358753,0.125240419,0.168015299,0.181477387,0.174396141,0.143326986,0.182288727,0.162463815,0.183150059,0.179530786,0.186206225,0.161083601,0.107171236,0.148964423,0.170529402,0.156113556,0,2,4,6,8,10,12,14,16,18,20,22,24,26,28,30,32,34,36,38,40,42,44,46,48,50,52,54,56,58,60,0.809440224,0.800761039,1.41186728,0.600646781,0.85611076,0.581302317,0.576146595,0.666061077,0.455959587,0.572311164,0.525916098,0.510558864,0.374928314,0.436913965,0.393067034,0.394760802,0.257019801,0.344802891,0.37242994,0.357897728,0.294137256,0.374094981,0.333410074,0.375862617,0.368435103,0.382134515,0.330577582,0.21993802,0.305706468,0.349962361,0.320378001
22Nov23_kk1216_cdc42RNAi_CH2_Stage6_poostNEBD,83.3,late maint.,cdc42RNAi,0.457861524,0.36738827,0.394424571,0.324667957,0.225305262,0.250993535,0.181521065,0.115393923,0.114450806,0.136094467,0.102085026,0.092931795,0.073263128,0.015834766,-0.009932183,0.005937789,-0.000311891,-0.025584937,-0.007747486,-0.042669092,-0.073296806,-0.034745883,-0.025004729,-0.085773173,0.015696195,-0.05140528,-0.027234538,-0.036750074,-0.040430324,-0.037001432,-0.057676503,0,2,4,6,8,10,12,14,16,18,20,22,24,26,28,30,32,34,36,38,40,42,44,46,48,50,52,54,56,58,60,0.978518941,0.78516399,0.842944632,0.693864257,0.481511232,0.536410936,0.387937817,0.246614168,0.244598587,0.290854345,0.218171054,0.198609224,0.156574323,0.033841277,-0.02122657,0.012689949,-0.000666559,-0.054678859,-0.016557544,-0.091190266,-0.156646298,-0.074257179,-0.053438866,-0.183310172,0.033545129,-0.109860815,-0.058204304,-0.078540436,-0.086405684,-0.079077626,-0.123263363
22Nov23_kk1216_cdc42RNAi_CH3_Stage2_centration,58.3,late maint.,cdc42RNAi,0.257538771,0.455981007,0.606512973,0.326212552,0.323497405,0.342637386,0.243685571,0.341859881,0.273989776,0.301672567,0.149410884,0.211619326,0.131204096,0.149602323,0.159094444,0.2028316,0.189636304,0.152169445,0.146527782,0.136251743,0.20686369,0.192661795,0.193540632,0.176701885,0.227863931,0.145142728,0.203733185,0.161838316,0.202084954,0.099223416,0.216423618,0,2,4,6,8,10,12,14,16,18,20,22,24,26,28,30,32,34,36,38,40,42,44,46,48,50,52,54,56,58,60,0.581716273,1.029948115,1.369962528,0.736833328,0.730700485,0.773932959,0.550425326,0.772176768,0.618875017,0.681403582,0.337482167,0.477995623,0.296357545,0.337914581,0.359354931,0.458146329,0.428341425,0.343713072,0.330969954,0.307758928,0.46725382,0.435175258,0.437160334,0.399125777,0.514688161,0.327841461,0.460182787,0.365552658,0.45645984,0.224121113,0.488847328
22Nov23_kk1216_cdc42RNAi_CH4_Stage3_centration,58.3,late maint.,cdc42RNAi,0.318874981,0.701909623,0.282130543,0.468970268,0.233361709,0.148701539,0.164980502,0.132163957,0.006528656,0.089400033,0.11346369,0.096988416,0.105330841,0.02867815,0.070655764,0.057637008,0.076150004,0.059964684,0.12879928,0.06706233,0.045328182,0.054928179,0.005273155,0.146937428,0.077567141,0.099615157,0.097702162,0.089478939,0.005824768,0.171333287,0.163408627,0,2,4,6,8,10,12,14,16,18,20,22,24,26,28,30,32,34,36,38,40,42,44,46,48,50,52,54,56,58,60,0.609463983,1.341555969,0.539234541,0.896340271,0.446022939,0.284212426,0.315326319,0.252604239,0.012478184,0.170869787,0.216862522,0.185373421,0.201318253,0.05481239,0.13504397,0.110161293,0.14554508,0.114610167,0.246173349,0.128175859,0.086635503,0.104983924,0.010078552,0.280840691,0.148253646,0.190393897,0.1867376,0.1710206,0.011132847,0.327468362,0.312322002
22Nov23_kk1216_cdc42RNAi_CH4_Stage5_postNEBD,83.3,late maint.,cdc42RNAi,0.642420105,0.395572912,0.45930066,0.502934374,0.403749917,0.395749629,0.353826682,0.274581327,0.126807648,0.192087175,0.184807118,0.192317856,0.159122473,0.143220487,0.158306369,0.189680179,0.087348903,0.132214547,0.092769847,0.101605194,0.076679741,0.124802172,0.106077134,0.128186135,0.084311689,0.11374787,0.136997326,0.096819574,0.202027154,0.13907021,0.095912856,0,2,4,6,8,10,12,14,16,18,20,22,24,26,28,30,32,34,36,38,40,42,44,46,48,50,52,54,56,58,60,1.059398848,0.652329347,0.757421174,0.829376435,0.665813839,0.652620766,0.583486688,0.452805166,0.209115304,0.316766132,0.304760773,0.317146542,0.26240487,0.236181306,0.261059053,0.312796815,0.144044881,0.218031687,0.152984423,0.167554572,0.126450634,0.205808124,0.174929135,0.211388534,0.139036287,0.187578753,0.225918847,0.159662726,0.333157902,0.229337188,0.158167481
22Nov23_kk1216_cdc42RNAi_CH4_Stage7_proMeet,59,early maint.,cdc42RNAi,0.388645336,0.407910954,0.424905363,0.441041915,0.367006577,0.34891806,0.356387708,0.423742632,0.286020349,0.314930183,0.298528954,0.311091625,0.35433573,0.334291456,0.33169928,0.332257248,0.298809969,0.319038152,0.276726031,0.318082386,0.32376602,0.297178905,0.31607425,0.280641886,0.306274029,0.288987703,0.280033816,0.307231885,0.28270296,0.305600336,0.310080292,0,2,4,6,8,10,12,14,16,18,20,22,24,26,28,30,32,34,36,38,40,42,44,46,48,50,52,54,56,58,60,0.917447511,0.96292649,1.003043987,1.041136401,0.866366424,0.823666143,0.841299212,1.00029921,0.675187974,0.74343337,0.704716151,0.734371958,0.836455255,0.789138156,0.783018989,0.784336145,0.705379524,0.753130761,0.653247535,0.750874554,0.764291504,0.701529187,0.746134088,0.662491418,0.722999401,0.682192797,0.661055989,0.725260544,0.667356848,0.721409063,0.731984578
22Nov23_kk1216_cdc42RNAi_CH5_Stage3_postNEBD,83.3,late maint.,cdc42RNAi,0.378714254,0.330831491,0.447955266,0.259003532,0.279618868,0.275644905,0.275853753,0.311068165,0.202791457,0.183163456,0.136839128,0.243926404,0.178444087,0.123072137,0.182648478,0.078505865,0.120841347,0.105867167,0.098131242,0.108530237,0.14768094,0.159168676,0.145370897,0.127376966,0.119445737,0.107876105,0.111582162,0.211203617,0.127476462,0.082876963,0.090137154,0,2,4,6,8,10,12,14,16,18,20,22,24,26,28,30,32,34,36,38,40,42,44,46,48,50,52,54,56,58,60,0.932589169,0.814677191,1.103096133,0.637799834,0.688565388,0.67877945,0.679293741,0.766009725,0.499376811,0.451042582,0.336968275,0.600672196,0.43942107,0.303066865,0.449774441,0.193321794,0.297573513,0.260699385,0.241649561,0.267257232,0.363666389,0.3919551,0.357977876,0.313667568,0.294136806,0.265646424,0.274772642,0.520091874,0.313912578,0.204085686,0.221964007
29May22_kk1216_cdc42RNAi_CH2_Stage1_proMeet,41.7,early maint.,cdc42RNAi,0.419570974,0.426226216,0.48681508,0.423926993,0.444381264,0.489917237,0.44567982,0.433699992,0.436365076,0.402431597,0.429973629,0.419451278,0.405466946,0.4280156,0.383830895,0.380223391,0.401661658,0.40526811,0.400908878,0.41585473,0.428590222,0.434610834,0.427780431,0.416333809,0.433833406,0.445926005,0.451087747,0.407694524,,,,0,2.166666667,4.333333333,6.5,8.666666667,10.83333333,13,15.16666667,17.33333333,19.5,21.66666667,23.83333333,26,28.16666667,30.33333333,32.5,34.66666667,36.83333333,39,41.16666667,43.33333333,45.5,47.66666667,49.83333333,52,54.16666667,56.33333333,58.5,,,,0.933557466,0.948365571,1.083177532,0.943249733,0.988761073,1.090079922,0.991650399,0.964994936,0.970924825,0.895421859,0.956703672,0.933291139,0.902175599,0.952347001,0.854034764,0.846007965,0.893708723,0.901733183,0.892033767,0.925288717,0.953625553,0.967021587,0.951823744,0.926354681,0.965291788,0.992198168,1.00368319,0.907132024,,,
29May22_kk1216_cdc42RNAi_CH2_Stage2_proMeet,50,early maint.,cdc42RNAi,0.590774294,0.40657309,0.387546291,0.465804607,0.40466693,0.40891845,0.42282507,0.421019004,0.420511149,0.41211678,0.370171091,0.365393865,0.371600278,0.358437028,0.361934045,0.329952996,0.348050256,0.326355513,0.327725443,0.330801684,0.338199096,0.350566114,0.336500425,0.360700114,0.353563026,0.345687056,0.365633006,0.371402894,,,,0,2.166666667,4.333333333,6.5,8.666666667,10.83333333,13,15.16666667,17.33333333,19.5,21.66666667,23.83333333,26,28.16666667,30.33333333,32.5,34.66666667,36.83333333,39,41.16666667,43.33333333,45.5,47.66666667,49.83333333,52,54.16666667,56.33333333,58.5,,,,1.160467559,0.798638137,0.761263486,0.91498757,0.794893836,0.803245166,0.830562165,0.827014481,0.826016892,0.809527697,0.727133097,0.717749114,0.729940473,0.704083686,0.710952933,0.648132039,0.683680782,0.641065444,0.64375642,0.649799131,0.664329988,0.688622722,0.66099326,0.708529104,0.694509605,0.67903871,0.718218864,0.729552747,,,
29May22_kk1216_cdc42RNAi_CH2_Stage3_proMeet,41.7,early maint.,cdc42RNAi,0.345380092,0.361659626,0.442862013,0.432554485,0.446415405,0.419091646,0.426993492,0.410262706,0.367444562,0.388606655,0.404661928,0.394382374,0.364681507,0.41267849,0.391777333,0.414437388,0.39499558,0.396759871,0.376447726,0.386162792,0.381938083,0.394124197,0.392089932,0.374652624,0.356674715,0.385286337,0.3772453,0.379511185,,,,0,2.166666667,4.333333333,6.5,8.666666667,10.83333333,13,15.16666667,17.33333333,19.5,21.66666667,23.83333333,26,28.16666667,30.33333333,32.5,34.66666667,36.83333333,39,41.16666667,43.33333333,45.5,47.66666667,49.83333333,52,54.16666667,56.33333333,58.5,,,,0.844909318,0.884734225,1.083381037,1.05816555,1.09207376,1.025231173,1.044561598,1.003632785,0.898886014,0.95065521,0.989931503,0.964784453,0.892126705,1.009542558,0.958411696,1.013845383,0.966284549,0.970600565,0.920910611,0.944676746,0.934341767,0.964152869,0.959176413,0.916519223,0.872539551,0.942532658,0.92286173,0.928404806,,,
29May22_kk1216_cdc42RNAi_CH2_Stage4_centration,50,late maint.,cdc42RNAi,0.465869676,0.415197337,0.452225693,0.489276443,0.389499471,0.376523852,0.454158059,0.352810795,0.405314913,0.311900672,0.35826531,0.32493127,0.304194191,0.319200579,0.294560997,0.314481017,0.345217262,0.321411407,0.319243519,0.330602171,0.316039183,0.321031109,0.329745569,0.344998343,0.324217782,0.344824714,0.296803163,0.323960986,,,,0,2.166666667,4.333333333,6.5,8.666666667,10.83333333,13,15.16666667,17.33333333,19.5,21.66666667,23.83333333,26,28.16666667,30.33333333,32.5,34.66666667,36.83333333,39,41.16666667,43.33333333,45.5,47.66666667,49.83333333,52,54.16666667,56.33333333,58.5,,,,0.973122643,0.867276731,0.944622679,1.022015404,0.813598253,0.786494388,0.948659063,0.736961838,0.846634025,0.651507539,0.748355394,0.678726245,0.63541001,0.666755806,0.615287902,0.656897442,0.721100239,0.67137385,0.666845499,0.690571794,0.660152186,0.670579471,0.688782499,0.720642953,0.67723589,0.720280272,0.619971407,0.676699487,,,
29May22_kk1216_cdc42RNAi_CH3_Stage2_centration,58.3,late maint.,cdc42RNAi,0.411873754,0.579402591,0.403580264,0.382291522,0.295019561,0.233274724,0.187265192,0.234133481,0.148157158,0.105107768,0.11786762,0.167732485,0.107436868,0.102713448,0.110263177,0.067364369,0.102190642,0.072302235,0.076191524,0.0606575,0.074961151,0.082327829,0.066826356,0.093171013,0.094147002,0.07948852,0.104373969,0.089740263,,,,0,2.166666667,4.333333333,6.5,8.666666667,10.83333333,13,15.16666667,17.33333333,19.5,21.66666667,23.83333333,26,28.16666667,30.33333333,32.5,34.66666667,36.83333333,39,41.16666667,43.33333333,45.5,47.66666667,49.83333333,52,54.16666667,56.33333333,58.5,,,,0.779030174,1.095899162,0.763343624,0.723077469,0.558008706,0.441222698,0.354198911,0.442846976,0.280228823,0.198803935,0.222938295,0.317254173,0.203209262,0.194275247,0.208555028,0.127414956,0.193286396,0.136754581,0.144110896,0.114729387,0.141783733,0.155717286,0.126397342,0.176226403,0.178072418,0.150346934,0.197416006,0.169737382,,,
29May22_kk1216_cdc42RNAi_CH3_Stage3_proMeet,41.7,early maint.,cdc42RNAi,0.386928719,0.464885507,0.542556739,0.490956528,0.488729306,0.501912836,0.481193568,0.52571791,0.507143577,0.451960251,0.537140566,0.521698338,0.467612216,0.513704621,0.491963244,0.466007862,0.476190965,0.531639099,0.477832168,0.459301291,0.541722744,0.477335657,0.578029228,0.573055851,0.539432207,0.588448097,0.556875363,0.511977361,,,,0,2.166666667,4.333333333,6.5,8.666666667,10.83333333,13,15.16666667,17.33333333,19.5,21.66666667,23.83333333,26,28.16666667,30.33333333,32.5,34.66666667,36.83333333,39,41.16666667,43.33333333,45.5,47.66666667,49.83333333,52,54.16666667,56.33333333,58.5,,,,0.809416255,0.972494072,1.134974536,1.027032046,1.02237292,1.049951549,1.006608909,1.099749386,1.060893736,0.945455727,1.123644444,1.091340843,0.978198077,1.074618786,1.029137996,0.974841927,0.996143962,1.112135923,0.999577195,0.96081245,1.133229903,0.998538543,1.209179442,1.198775634,1.128438327,1.230974676,1.164927668,1.07100553,,,
29May22_kk1216_cdc42RNAi_CH3_Stage4_postNEBD,83.3,late maint.,cdc42RNAi,0.453914543,0.462740459,0.45667931,0.401162385,0.479538903,0.364198631,0.279545981,0.261206246,0.207627251,0.179998036,0.212946611,0.174157442,0.165817696,0.142747376,0.155755399,0.119012492,0.138658396,0.145804957,0.126880624,0.104200014,0.094589514,0.077176327,0.112950108,0.085298341,0.102226575,0.109152138,0.117113721,0.1061114,,,,0,2.166666667,4.333333333,6.5,8.666666667,10.83333333,13,15.16666667,17.33333333,19.5,21.66666667,23.83333333,26,28.16666667,30.33333333,32.5,34.66666667,36.83333333,39,41.16666667,43.33333333,45.5,47.66666667,49.83333333,52,54.16666667,56.33333333,58.5,,,,0.868954707,0.885850666,0.874247459,0.767968218,0.918008893,0.697206378,0.535150945,0.500042134,0.397472785,0.34458059,0.407655941,0.333399605,0.317434349,0.273269508,0.298171514,0.227832456,0.265441739,0.279122812,0.242894874,0.199476078,0.181078146,0.14774308,0.216226885,0.163291518,0.195698209,0.208956213,0.224197529,0.203135153,,,
02Jun22_kk1216_ctrlRNAi_CH1_Stage4_postNEBD,91.6,late maint.,ctrlRNAi,0.418629268,0.444760275,0.422206697,0.447718082,0.457595993,0.453362303,0.449830067,0.488807028,0.459386367,0.452645084,0.439568118,0.441986655,0.410784031,0.429587664,0.452029587,0.440279091,0.454770245,0.43119239,0.441041464,0.454343475,0.427515931,0.412424203,0.418245034,0.416745834,0.411950459,0.438315562,,,,,,0,2.333333333,4.666666667,7,9.333333333,11.66666667,14,16.33333333,18.66666667,21,23.33333333,25.66666667,28,30.33333333,32.66666667,35,37.33333333,39.66666667,42,44.33333333,46.66666667,49,51.33333333,53.66666667,56,58.33333333,,,,,,0.928638242,0.986604215,0.936573992,0.993165467,1.01507747,1.005685948,0.997850448,1.084312383,1.019049027,1.004094954,0.975086541,0.980451541,0.911235285,0.952947069,1.002729608,0.976663679,1.008809164,0.956506805,0.97835484,1.007862466,0.948351376,0.914873652,0.927785903,0.924460254,0.913822755,0.972308018,,,,,
11Jun22_kk1216_ctrlRNAi_CH4_Stage1_centration,66.7,late maint.,ctrlRNAi,0.455223534,0.475385178,0.465683191,0.485981528,0.484260682,0.503041773,0.43946287,0.491324976,0.469051592,0.440034149,0.434726193,0.431438086,0.464132266,0.461622758,0.46118859,0.451067472,0.431495812,0.41591245,0.44422142,0.423232854,0.459759986,0.442850445,0.435250372,0.438067383,0.41477804,0.430944405,0.430525758,0.461658052,0.426203015,0.458145693,,0,2.066666667,4.133333333,6.2,8.266666667,10.33333333,12.4,14.46666667,16.53333333,18.6,20.66666667,22.73333333,24.8,26.86666667,28.93333333,31,33.06666667,35.13333333,37.2,39.26666667,41.33333333,43.4,45.46666667,47.53333333,49.6,51.66666667,53.73333333,55.8,57.86666667,59.93333333,,0.947949533,0.989933787,0.969730539,1.011999441,1.008415981,1.047525396,0.915129801,1.023126544,0.976744839,0.916319422,0.905266228,0.898419131,0.96650092,0.961275164,0.96037106,0.93929502,0.898539339,0.866088817,0.925038921,0.8813327,0.95739616,0.922184027,0.906357768,0.912223864,0.863726541,0.897391098,0.896519315,0.96134866,0.887517711,0.954034584,
11Jun22_kk1216_ctrlRNAi_CH4_Stage2_postNEBD,91.6,late maint.,ctrlRNAi,0.343833013,0.333778555,0.448906732,0.387469521,0.436040546,0.393261211,0.459290224,0.384228165,0.417897297,0.401051678,0.417124572,0.435490163,0.424316323,0.387409721,0.405014027,0.405991535,0.420861883,0.377976849,0.38646075,0.408699542,0.412589738,0.376206043,0.430741044,0.359642863,0.396475936,0.381934239,0.357233048,0.396222594,0.370506815,0.415719001,,0,2.066666667,4.133333333,6.2,8.266666667,10.33333333,12.4,14.46666667,16.53333333,18.6,20.66666667,22.73333333,24.8,26.86666667,28.93333333,31,33.06666667,35.13333333,37.2,39.26666667,41.33333333,43.4,45.46666667,47.53333333,49.6,51.66666667,53.73333333,55.8,57.86666667,59.93333333,,0.84807528,0.823275633,1.107243016,0.955706144,1.075508151,0.969991535,1.132854236,0.947711232,1.03075724,0.989206975,1.028851287,1.074150613,1.046589976,0.955558643,0.998980236,1.001391292,1.038069487,0.932292159,0.953217976,1.008070679,1.017665973,0.927924409,1.062436757,0.887070789,0.977920757,0.942053191,0.8811269,0.977295882,0.913867079,1.025384402,
11Jun22_kk1216_ctrlRNAi_CH4_Stage5_centration,66.7,late maint.,ctrlRNAi,0.551646359,0.419877856,0.556863389,0.433432117,0.461786701,0.347651479,0.362457164,0.34710741,0.330308986,0.387421183,0.364269522,0.385259597,0.34123697,0.342144846,0.352438274,0.380192994,0.35340121,0.348394054,0.362401155,0.410393686,0.350855317,0.382667147,0.369440154,0.355553468,0.344537114,0.349740916,0.347002801,0.373945832,0.407084982,0.430297857,,0,2.066666667,4.133333333,6.2,8.266666667,10.33333333,12.4,14.46666667,16.53333333,18.6,20.66666667,22.73333333,24.8,26.86666667,28.93333333,31,33.06666667,35.13333333,37.2,39.26666667,41.33333333,43.4,45.46666667,47.53333333,49.6,51.66666667,53.73333333,55.8,57.86666667,59.93333333,,1.008084342,0.767289197,1.017617998,0.792058397,0.843873859,0.635301959,0.662358023,0.634307721,0.603610105,0.707977533,0.665669945,0.704027428,0.623580018,0.62523908,0.644049398,0.694768665,0.645809078,0.636658949,0.662255671,0.749957725,0.641156687,0.699289958,0.675118812,0.649742135,0.629610735,0.639120217,0.634116558,0.683352535,0.743911366,0.786330817,
11Jun22_kk1216_ctrlRNAi_CH4_Stage7_postNEBD,91.6,late maint.,ctrlRNAi,0.467095033,0.414275792,0.474806683,0.513560985,0.443451963,0.377767517,0.418556982,0.414243525,0.47929951,0.466376028,0.494894962,0.436266709,0.424640027,0.436473064,0.501855881,0.402338708,0.44598066,0.452927792,0.442465018,0.431701308,0.416633037,0.452341067,0.427114,0.408139649,0.420527079,0.423388051,0.414914295,0.452903351,0.452315908,0.4453628,,0,2.066666667,4.133333333,6.2,8.266666667,10.33333333,12.4,14.46666667,16.53333333,18.6,20.66666667,22.73333333,24.8,26.86666667,28.93333333,31,33.06666667,35.13333333,37.2,39.26666667,41.33333333,43.4,45.46666667,47.53333333,49.6,51.66666667,53.73333333,55.8,57.86666667,59.93333333,,1.027666879,0.911458012,1.044633462,1.129897725,0.975649199,0.831135288,0.920877159,0.911387019,1.054518238,1.026084978,1.088830162,0.95984075,0.93426061,0.960294757,1.104145047,0.885194949,0.981212644,0.996497195,0.973477798,0.949796302,0.916644243,0.995206328,0.939703658,0.897957738,0.925211616,0.93150611,0.912862798,0.996443422,0.995150975,0.979853276,
15Nov23_kk1216_ctrlRNAi_CH1_Stage2_centration,58.3,late maint.,ctrlRNAi,0.424230051,0.443016752,0.500570203,0.492158173,0.450836994,0.474394963,0.408467888,0.407784341,0.464849211,0.48206163,0.420797154,0.46103399,0.42879181,0.437771719,0.452075493,0.47015871,0.431059315,0.434424139,0.439317526,0.403995283,0.421920304,0.455901309,0.44832464,0.432176076,0.427895639,0.452696947,0.456693656,0.418849293,0.403620659,0.426694299,0.446863099,0,2,4,6,8,10,12,14,16,18,20,22,24,26,28,30,32,34,36,38,40,42,44,46,48,50,52,54,56,58,60,0.925204615,0.966176591,1.091695086,1.073349265,0.98323178,1.034609426,0.890828867,0.889338117,1.013791066,1.051329685,0.9177178,1.005470439,0.935153369,0.954737681,0.985932825,1.025370569,0.940098578,0.947436934,0.958108936,0.881074548,0.920167283,0.99427656,0.977752579,0.942534126,0.933198908,0.987288156,0.996004591,0.913469705,0.880257531,0.930578902,0.9745651
15Nov23_kk1216_ctrlRNAi_CH1_Stage4_proMeet,41.7,early maint.,ctrlRNAi,0.56315919,0.458161095,0.481117939,0.532819062,0.414101559,0.528057585,0.546353971,0.493382797,0.470097029,0.502958769,0.512197786,0.455796402,0.485533141,0.481722959,0.468528527,0.487786057,0.525071917,0.495915588,0.45756562,0.445324458,0.463639358,0.504411646,0.502731173,0.479643726,0.471372191,0.479541599,0.528964799,0.475303002,0.472170052,0.481666997,0.507047122,0,2,4,6,8,10,12,14,16,18,20,22,24,26,28,30,32,34,36,38,40,42,44,46,48,50,52,54,56,58,60,1,0.813555215,0.854319609,0.946125132,0.735318834,0.937670191,0.970159027,0.876098279,0.834749814,0.893102302,0.909507996,0.809356237,0.86215967,0.855393943,0.83196463,0.866160165,0.932368551,0.880595748,0.812497831,0.790761238,0.823282948,0.895682173,0.892698162,0.851701854,0.837014115,0.851520508,0.939281128,0.843994045,0.838430875,0.855294571,0.900361978
22Nov23_kk1216_ctrlRNAi_CH1_Stage3_proMeet,33.3,early maint.,ctrlRNAi,0.323573342,0.47582101,0.379868098,0.452277791,0.53226824,0.47219488,0.489358647,0.52734178,0.486509043,0.470074255,0.483174153,0.462854721,0.472287635,0.501113924,0.449457122,0.506124044,0.467294482,0.514994038,0.484697119,0.496499801,0.505813248,0.496738897,0.461512107,0.482684876,0.435682993,0.518721421,0.449160755,0.465231542,0.467029159,0.512854217,0.495871704,0,2,4,6,8,10,12,14,16,18,20,22,24,26,28,30,32,34,36,38,40,42,44,46,48,50,52,54,56,58,60,0.711470707,1.046231772,0.835251207,0.994465112,1.17034753,1.038258664,1.075998229,1.159515265,1.069732541,1.033595848,1.062399808,1.017721589,1.038462612,1.101845646,0.988263047,1.112861861,1.027483703,1.13236514,1.065748495,1.091700147,1.112178485,1.092225869,1.01476946,1.061323988,0.957976591,1.140560883,0.987611397,1.022947726,1.026900312,1.127660116,1.09031909
22Nov23_kk1216_ctrlRNAi_CH1_Stage4_centration,58.3,late maint.,ctrlRNAi,0.507332322,0.533457204,0.444015636,0.443174856,0.529609946,0.472859643,0.46745928,0.518530466,0.499336666,0.520357665,0.492947355,0.522873838,0.520748938,0.563531881,0.48760217,0.512435574,0.484514352,0.490272408,0.539430034,0.502696974,0.485909926,0.516715706,0.474670363,0.476342947,0.490671771,0.513572883,0.484078289,0.502061904,0.517766678,0.466094132,0.424056896,0,2,4,6,8,10,12,14,16,18,20,22,24,26,28,30,32,34,36,38,40,42,44,46,48,50,52,54,56,58,60,1.00678896,1.058633168,0.881138498,0.87946999,1.050998375,0.938378745,0.927661852,1.029011411,0.99092177,1.032637444,0.978242333,1.037630729,1.033413915,1.11831565,0.96763494,1.016916242,0.961507239,0.972933964,1.070486107,0.997590221,0.964276722,1.025410063,0.941972076,0.94529128,0.973726491,1.019173204,0.960641883,0.996329939,1.027495692,0.92495275,0.841530852
22Nov23_kk1216_ctrlRNAi_CH1_Stage6_centration,50,late maint.,ctrlRNAi,0.460992239,0.434828211,0.507976689,0.591209081,0.549401649,0.495364891,0.497816373,0.470188327,0.523219362,0.522674585,0.479580547,0.450212981,0.465261506,0.493876599,0.470394187,0.53326572,0.455639338,0.447177445,0.50237067,0.461000257,0.446725452,0.479808511,0.446573977,0.479094347,0.488007266,0.464327613,0.484058896,0.447433035,0.480521244,0.444122407,0.470485215,0,2,4,6,8,10,12,14,16,18,20,22,24,26,28,30,32,34,36,38,40,42,44,46,48,50,52,54,56,58,60,0.91304672,0.861225935,1.006104682,1.170955749,1.08815145,0.981125604,0.985981038,0.931260601,1.036294502,1.035215509,0.949862944,0.891697193,0.92150248,0.978177875,0.931668331,1.056192438,0.9024447,0.885684974,0.995001333,0.9130626,0.884789752,0.950314453,0.884489738,0.94889997,0.966553005,0.919652802,0.958732815,0.886191199,0.951726101,0.879634129,0.931848621
29May22_kk1216_ctrlRNAi_CH1_Stage1_postNEBD,91.6,late maint.,ctrlRNAi,0.533575523,0.513847824,0.534361685,0.515487588,0.583548399,0.528350638,0.505943496,0.484999133,0.496630987,0.483071098,0.4876287,0.427985265,0.491855691,0.418588012,0.508596842,0.532425558,0.560590294,0.510043967,0.423827985,,,,,,,,,,,,,0,3.3,6.6,9.9,13.2,16.5,19.8,23.1,26.4,29.7,33,36.3,39.6,42.9,46.2,49.5,52.8,56.1,59.4,,,,,,,,,,,,,0.983407549,0.947048369,0.984856486,0.95007054,1.075510168,0.973777812,0.93248028,0.893878725,0.915316841,0.890325257,0.898725156,0.78879919,0.90651572,0.771479562,0.937370535,0.981288103,1.033197182,0.940037662,0.781137106,,,,,,,,,,,,
29May22_kk1216_ctrlRNAi_CH1_Stage2_proMeet,50,early maint.,ctrlRNAi,0.544932879,0.507136942,0.536705456,0.525044765,0.535104438,0.518087073,0.529155214,0.536235943,0.532086386,0.520922137,0.529436652,0.489384465,0.494530868,0.503977943,0.509139634,0.50107013,0.514823677,0.497632258,0.511293847,,,,,,,,,,,,,0,3.3,6.6,9.9,13.2,16.5,19.8,23.1,26.4,29.7,33,36.3,39.6,42.9,46.2,49.5,52.8,56.1,59.4,,,,,,,,,,,,,1.019236746,0.948543621,1.003848262,0.982038227,1.000853733,0.969024633,0.989726368,1.002970089,0.995208801,0.974327306,0.990252766,0.915339576,0.924965353,0.942635063,0.952289437,0.93719632,0.962920811,0.930766162,0.956318654,,,,,,,,,,,,
29May22_kk1216_ctrlRNAi_CH1_Stage4_proMeet,41.7,early maint.,ctrlRNAi,0.413185228,0.584942061,0.430563707,0.434400021,0.518674624,0.499163261,0.460724904,0.464027745,0.477997313,0.472740247,0.476342948,0.50247168,0.471621282,0.48514651,0.472740072,0.511010829,0.542782071,0.467408576,0.510665319,,,,,,,,,,,,,0,3.3,6.6,9.9,13.2,16.5,19.8,23.1,26.4,29.7,33,36.3,39.6,42.9,46.2,49.5,52.8,56.1,59.4,,,,,,,,,,,,,0.873070065,1.235996277,0.909791198,0.917897421,1.09597163,1.054743663,0.973522514,0.980501494,1.010019518,0.998911217,1.006523808,1.06173443,0.996546817,1.025125941,0.998910847,1.079777853,1.146911231,0.987645269,1.079047782,,,,,,,,,,,,
29May22_kk1216_ctrlRNAi_CH1_Stage5_proMeet,41.7,early maint.,ctrlRNAi,0.414885884,0.542785071,0.54102503,0.612111666,0.544905445,0.535033535,0.511932727,0.544248011,0.508070304,0.480535284,0.522328534,0.469726824,0.502876892,0.531132595,0.503877696,0.51614863,0.525820567,0.515318319,0.50113976,,,,,,,,,,,,,0,3.3,6.6,9.9,13.2,16.5,19.8,23.1,26.4,29.7,33,36.3,39.6,42.9,46.2,49.5,52.8,56.1,59.4,,,,,,,,,,,,,0.790150059,1.033734028,1.03038203,1.165766509,1.037772279,1.01897123,0.974975746,1.036520197,0.967619762,0.915179324,0.994774559,0.894594616,0.957728911,1.01154189,0.959634943,0.983004933,1.001425135,0.981423605,0.954420543,,,,,,,,,,,,
29May22_kk1216_ctrlRNAi_CH1_Stage6_centration,66.7,late maint.,ctrlRNAi,0.546933999,0.580829224,0.465228501,0.486023886,0.456239386,0.431406599,0.402198981,0.482660619,0.488562503,0.450328022,0.548234089,0.55326503,0.48505815,0.590450579,0.569652089,0.554368,0.479184068,0.591681284,0.606753922,,,,,,,,,,,,,0,3.3,6.6,9.9,13.2,16.5,19.8,23.1,26.4,29.7,33,36.3,39.6,42.9,46.2,49.5,52.8,56.1,59.4,,,,,,,,,,,,,1.128422558,1.198354463,0.959849519,1.002754113,0.941303368,0.890068891,0.829808357,0.995815091,1.007991733,0.929107169,1.131104876,1.141484607,1.000761627,1.218205038,1.175294038,1.143760231,0.988642346,1.220744203,1.251841748,,,,,,,,,,,,
31May23_kk1216_ctrlRNAi_CH1_Stage6_postNEBD,91.6,late maint.,ctrlRNAi,0.400489736,0.520008063,0.479908572,0.429144294,0.445864717,0.452135826,0.490464079,0.429802289,0.430937921,0.427791512,0.390925768,0.429215359,0.458332248,0.392391327,0.399880563,0.388081185,0.367956257,0.398370736,0.380342832,0.390580468,0.413636537,0.342579605,0.377657669,0.399748841,0.437134315,0.375753118,0.426290948,0.397708232,0.354754923,0.380737576,0.391917425,0,2,4,6,8,10,12,14,16,18,20,22,24,26,28,30,32,34,36,38,40,42,44,46,48,50,52,54,56,58,60,0.849426173,1.102920797,1.017871034,0.910201593,0.945665087,0.958965912,1.040258934,0.911597179,0.914005819,0.907332385,0.829141298,0.910352318,0.972108327,0.832249702,0.848134136,0.823108027,0.780423685,0.844931841,0.806695221,0.828408927,0.877310126,0.726600602,0.801000075,0.847854758,0.927148176,0.796960582,0.904149736,0.843526692,0.75242407,0.807532461,0.831244572
31May23_kk1216_ctrlRNAi_CH2_Stage1_postNEBD,91.6,late maint.,ctrlRNAi,0.455570731,0.454995453,0.501889527,0.490244768,0.464346733,0.473667182,0.477511167,0.498918055,0.448809403,0.479280595,0.470790239,0.441008227,0.47094015,0.431980934,0.428934211,0.469126684,0.447235244,0.473164425,0.482602876,0.43573076,0.45662344,0.461911855,0.448401023,0.436420917,0.463408237,0.448639995,0.461606613,0.458096434,0.433282724,0.463519512,0.466289627,0,2,4,6,8,10,12,14,16,18,20,22,24,26,28,30,32,34,36,38,40,42,44,46,48,50,52,54,56,58,60,0.954083398,0.952878616,1.051086982,1.026699834,0.972462625,0.991982065,1.000032367,1.044863948,0.93992342,1.003738009,0.985956999,0.923585733,0.986270951,0.904680237,0.898299607,0.982473083,0.936626723,0.99092916,1.010695728,0.912533347,0.956288043,0.967363358,0.939068168,0.913978714,0.97049717,0.939568637,0.966724101,0.959372874,0.907406524,0.970730208,0.976531548
31May23_kk1216_ctrlRNAi_CH2_Stage5_postNEBD,83.3,late maint.,ctrlRNAi,0.519384897,0.491586075,0.524270869,0.531349565,0.49937037,0.465790967,0.491320798,0.450041335,0.469433995,0.452494068,0.452678468,0.474711547,0.418570475,0.456630542,0.472775453,0.461615287,0.44200101,0.482695399,0.474512973,0.509774556,0.511417097,0.456890212,0.446660362,0.465811053,0.45166643,0.472025099,0.498354025,0.498620122,0.444059461,0.459081304,0.468034367,0,2,4,6,8,10,12,14,16,18,20,22,24,26,28,30,32,34,36,38,40,42,44,46,48,50,52,54,56,58,60,0.984713051,0.932008663,0.993976469,1.007397122,0.946767075,0.883103159,0.931505718,0.853243091,0.890010054,0.857893281,0.858242889,0.900015879,0.793576809,0.865735712,0.896345198,0.875186398,0.837999265,0.915152638,0.8996394,0.966492598,0.969606727,0.866228026,0.846833032,0.883141241,0.856324144,0.894922585,0.944840166,0.945344664,0.841901927,0.870382165,0.887356471
31May23_kk1216_ctrlRNAi_CH2_Stage8_postNEBD,100,late maint.,ctrlRNAi,0.61526655,0.632748179,0.715714922,0.721561055,0.74429831,0.634862245,0.650041651,0.612496619,0.618317534,0.679501722,0.636872615,0.653828667,0.611837608,0.622727115,0.658706001,0.563684006,0.578803307,0.603805005,0.588835206,0.62818609,0.63585082,0.467607812,0.493612902,0.455433585,0.525021893,0.453743374,0.494208557,0.486738413,0.456042334,0.496306163,0.533358684,0,2,4,6,8,10,12,14,16,18,20,22,24,26,28,30,32,34,36,38,40,42,44,46,48,50,52,54,56,58,60,0.87561195,0.900490797,1.018564293,1.026884172,1.059242525,0.903499415,0.925101872,0.871669942,0.879953934,0.96702775,0.906360458,0.930491335,0.870732076,0.886229397,0.937432476,0.802202641,0.82371956,0.859300537,0.837996382,0.893998295,0.904906297,0.66547253,0.702481478,0.648146871,0.747180947,0.64574146,0.70332918,0.692698101,0.649013208,0.706314372,0.759045387
11Jun22_kk1216_P6RNAi_CH5_Stage1_postNEBD,91.6,late maint.,P6RNAi,0.388903524,0.433990132,0.33520944,0.222208226,0.365860045,0.375091301,0.195832187,0.167315079,0.142097441,0.174847946,0.152035548,0.111182814,0.112552294,0.031512843,0.055451875,0.028621916,0.05811661,0.050031693,0.001083738,0.015343568,0.021627287,-0.004072717,0.054391772,0.00940993,0.080713999,0.045649482,,,,,,0,2.333333333,4.666666667,7,9.333333333,11.66666667,14,16.33333333,18.66666667,21,23.33333333,25.66666667,28,30.33333333,32.66666667,35,37.33333333,39.66666667,42,44.33333333,46.66666667,49,51.33333333,53.66666667,56,58.33333333,,,,,,0.884159679,0.986662635,0.762087903,0.50518327,0.831771071,0.852758033,0.445218193,0.380385462,0.32305397,0.397511194,0.345647939,0.25277056,0.255884028,0.071643437,0.126068058,0.065071007,0.132126249,0.113745448,0.002463844,0.034883109,0.049168942,-0.009259192,0.123657949,0.021393173,0.183500686,0.103782632,,,,,
11Jun22_kk1216_P6RNAi_CH5_Stage7_centration,66.7,late maint.,P6RNAi,0.389721421,0.39677383,0.437104122,0.323410573,0.326332994,0.388901802,0.267460111,0.407314965,0.302481654,0.252803822,0.265010676,0.21535931,0.19685935,0.228793712,0.172006801,0.173985438,0.26012041,0.171289139,0.213660374,0.179017503,0.203567619,0.179684722,0.181484448,0.153210756,0.17921965,0.1659908,,,,,,0,2.333333333,4.666666667,7,9.333333333,11.66666667,14,16.33333333,18.66666667,21,23.33333333,25.66666667,28,30.33333333,32.66666667,35,37.33333333,39.66666667,42,44.33333333,46.66666667,49,51.33333333,53.66666667,56,58.33333333,,,,,,0.916299498,0.932880877,1.027704062,0.76039173,0.767262825,0.914372437,0.628842943,0.957664827,0.71118438,0.594383584,0.623083916,0.506345344,0.46284888,0.537931846,0.404416429,0.409068531,0.611586093,0.402729086,0.502350866,0.420899749,0.478621131,0.422468489,0.426699945,0.36022382,0.421375029,0.390271817,,,,,
11Jun22_kk1216_P6RNAi_CH5_Stage8_postNEBD,91.6,late maint.,P6RNAi,0.436688087,0.245645627,0.263658344,0.162651495,0.151036218,0.106398106,0.110676247,0.113280936,0.060733889,0.034650777,0.026296581,-0.028435567,0.005063115,0.013897662,0.042288669,0.004095871,0.028522972,0.049758042,0.052962503,0.057009943,-0.004713929,0.057056232,0.096760159,0.022426491,0.054438322,0.038694498,,,,,,0,2.333333333,4.666666667,7,9.333333333,11.66666667,14,16.33333333,18.66666667,21,23.33333333,25.66666667,28,30.33333333,32.66666667,35,37.33333333,39.66666667,42,44.33333333,46.66666667,49,51.33333333,53.66666667,56,58.33333333,,,,,,1.055108331,0.593519161,0.637040769,0.39299205,0.364927683,0.257074858,0.267411531,0.273704876,0.1467428,0.083721824,0.06353675,-0.068704883,0.012233297,0.033578975,0.102176194,0.009896279,0.068916066,0.120223396,0.127965886,0.137745149,-0.011389608,0.137856992,0.233788034,0.054185994,0.131531701,0.093492101,,,,,
15Nov23_kk1216_P6RNAi_CH3_Stage1_centration,91.6,late maint.,P6RNAi,0.448176967,0.480574261,0.490537388,0.561187325,0.417412936,0.320912828,0.233464392,0.403639589,0.255383433,0.181031439,0.232676383,0.193751508,0.184533796,0.189940997,0.145788995,0.142856478,0.187034687,0.122145184,0.121480179,0.16068584,0.159570725,0.123996583,0.14977594,0.168158458,0.080628407,0.078084389,0.132549892,0.126785417,0.146996127,0.159565357,0.129444743,0,2,4,6,8,10,12,14,16,18,20,22,24,26,28,30,32,34,36,38,40,42,44,46,48,50,52,54,56,58,60,0.8216397,0.881033434,0.899298766,1.028820801,0.765240218,0.588327244,0.428008638,0.739989637,0.468192663,0.331883672,0.426563986,0.355203286,0.338304519,0.348217501,0.267273946,0.261897782,0.342889384,0.223927912,0.222708763,0.294584227,0.292539894,0.227322069,0.274583184,0.308283725,0.147815494,0.143151564,0.243002791,0.232434819,0.269486972,0.292530054,0.237310143
15Nov23_kk1216_P6RNAi_CH3_Stage4_postNEBD,91.6,late maint.,P6RNAi,0.32666499,0.31751486,1.032602707,0.298330883,0.575125771,0.641928342,0.248942879,0.265358436,0.268141505,0.199147612,0.11264824,0.067812108,0.094022834,0.046129779,0.198792317,0.184665333,0.122624367,0.16736939,0.115539673,0.100593835,0.139085627,0.116343096,0.139505908,0.107465967,0.075671185,0.10974624,0.073681191,0.122046736,0.135359901,0.138755746,0.136946349,0,2,4,6,8,10,12,14,16,18,20,22,24,26,28,30,32,34,36,38,40,42,44,46,48,50,52,54,56,58,60,0.56257981,0.54682153,1.778340046,0.513783039,0.99047696,1.10552381,0.428727417,0.456998157,0.461791136,0.342970409,0.19400189,0.116785465,0.161925366,0.079444333,0.342358524,0.318029146,0.211182694,0.288242213,0.198981491,0.173241891,0.239532143,0.200365141,0.240255948,0.18507702,0.130320304,0.189004089,0.126893152,0.210187904,0.233115728,0.238964027,0.235847898
15Nov23_kk1216_P6RNAi_CH3_Stage6_centration,66.7,late maint.,P6RNAi,0.253643134,0.382225055,0.416472962,0.41417898,0.355560536,0.479806426,0.378338669,0.365123577,0.285652146,0.287037964,0.251336434,0.190154918,0.159332886,0.153176707,0.157406372,0.232988022,0.18585649,0.178866168,0.20977141,0.17280778,0.245285434,0.15886998,0.147102704,0.179414811,0.186759097,0.186832102,0.195216455,0.104328676,0.112533741,0.112306062,0.116660735,0,2,4,6,8,10,12,14,16,18,20,22,24,26,28,30,32,34,36,38,40,42,44,46,48,50,52,54,56,58,60,0.622815505,0.93854577,1.022640801,1.017007975,0.87307159,1.17815482,0.929002827,0.89655344,0.701412974,0.704815823,0.617151449,0.466921494,0.391238628,0.376122257,0.386508113,0.5720973,0.456366792,0.439202201,0.515089387,0.424325954,0.602293342,0.390101972,0.361207666,0.440549382,0.458583125,0.458762388,0.479349995,0.256176919,0.276324289,0.275765227,0.286458038
15Nov23_kk1216_P6RNAi_CH4_Stage2_centration,66.7,late maint.,P6RNAi,0.315822518,0.395355193,0.626410003,0.526931321,0.29731441,0.547920662,0.434053592,0.407523288,0.486659505,0.406116648,0.472016124,0.310181165,0.496930742,0.269740331,0.316703698,0.252137425,0.309687103,0.329236188,0.329383855,0.35875359,0.377953007,0.40654837,0.256844057,0.372281472,0.263317142,0.332765426,0.269341629,0.478552831,0.351356622,0.441426698,0.48331119,0,2,4,6,8,10,12,14,16,18,20,22,24,26,28,30,32,34,36,38,40,42,44,46,48,50,52,54,56,58,60,0.67668181,0.84708864,1.34214703,1.129003855,0.637026309,1.173975648,0.93000389,0.87316002,1.042717399,0.870146151,1.011342468,0.664594639,1.064724568,0.577946045,0.678569829,0.540230033,0.66353606,0.70542196,0.705738351,0.76866599,0.80980269,0.87107116,0.55031447,0.797650852,0.56418371,0.712983711,0.577091787,1.025348027,0.752817234,0.945801517,1.035543296
15Nov23_kk1216_P6RNAi_CH4_Stage5_proMeet,41.7,early maint.,P6RNAi,0.22635979,0.387612809,0.390369558,0.331266149,0.31279768,0.4298922,0.463715242,0.429899447,0.356724775,0.339154686,0.337519888,0.354625733,0.285915683,0.260264171,0.27808022,0.234751492,0.30243471,0.33044158,0.370644096,0.330791104,0.339727605,0.262288294,0.297907578,0.307116212,0.296349514,0.293999292,0.317519968,0.307537951,0.363423833,0.280106281,0.331746556,0,2,4,6,8,10,12,14,16,18,20,22,24,26,28,30,32,34,36,38,40,42,44,46,48,50,52,54,56,58,60,0.625283264,1.07071933,1.078334417,0.915070557,0.86405432,1.187509489,1.280940314,1.187529509,0.985396003,0.936861399,0.932345527,0.979597728,0.78979704,0.718938776,0.768152807,0.648464021,0.83542825,0.912792817,1.023845935,0.913758322,0.938443998,0.724530098,0.82292276,0.848360161,0.818618855,0.812126734,0.877098898,0.849525149,1.003901094,0.773749482,0.916397606
15Nov23_KK1216_P6RNAi_CH4_Stage7_proMeet,41.7,early maint.,P6RNAi,0.190464321,0.232785477,0.347263217,0.366620487,0.284656472,0.434693095,0.374070172,0.45153556,0.512427125,0.378184396,0.330971196,0.376903756,0.40314968,0.277483819,0.263072158,0.370522295,0.373730089,0.290591891,0.383551749,0.498614854,0.316332921,0.293326891,0.32112854,0.362155446,0.389466956,0.333139435,0.331835459,0.335492199,0.301793146,0.309947624,,0,2,4,6,8,10,12,14,16,18,20,22,24,26,28,30,32,34,36,38,40,42,44,46,48,50,52,54,56,58,,0.547977059,0.669737517,0.999096709,1.054788716,0.818973421,1.250637613,1.076221898,1.299094378,1.474282992,1.088058761,0.952223608,1.084374285,1.159885354,0.798337276,0.756874079,1.066014447,1.075243459,0.836049971,1.103500953,1.434544277,0.910108429,0.843918726,0.923905706,1.041942528,1.120519351,0.958461757,0.954710142,0.965230799,0.86827664,0.891737552,
31May23_kk1216_P6RNAi_CH1_Stage6_centration,58.3,late maint.,P6RNAi,0.436315184,0.444574114,0.387280242,0.420764288,0.412242851,0.417055905,0.348910566,0.360955601,0.310324828,0.290851106,0.32067304,0.265492425,0.248771788,0.234957794,0.23569121,0.201725036,0.206169072,0.234319745,0.237529851,0.21008886,0.210587852,0.225664149,0.23983419,0.218956427,0.223969689,0.252707067,0.252818789,0.286616031,0.249742134,0.253665046,0.227218435,0,2,4,6,8,10,12,14,16,18,20,22,24,26,28,30,32,34,36,38,40,42,44,46,48,50,52,54,56,58,60,0.914761112,0.932076459,0.811956398,0.88215772,0.864292013,0.874382873,0.731512056,0.7567652,0.650614729,0.609786894,0.67231038,0.556620891,0.521565066,0.492603193,0.494140844,0.42292871,0.432245901,0.491265484,0.497995666,0.440463972,0.44151014,0.473118507,0.502826852,0.459055361,0.469565967,0.529815616,0.530049847,0.600907805,0.523599455,0.531824075,0.47637716
31May23_kk1216_P6RNAi_CH1_Stage7_centration,66.7,late maint.,P6RNAi,0.454339922,0.388991277,0.402017419,0.390625066,0.288378994,0.261925944,0.315475137,0.334847553,0.222065305,0.193941209,0.223667632,0.164688278,0.188471763,0.159742178,0.194196876,0.252507003,0.20060178,0.245012067,0.177289316,0.16349005,0.173185039,0.145158283,0.244629306,0.195029657,0.259358356,0.239685714,0.232377109,0.229711864,0.195528324,0.207920238,0.1422974,0,2,4,6,8,10,12,14,16,18,20,22,24,26,28,30,32,34,36,38,40,42,44,46,48,50,52,54,56,58,60,0.971001863,0.83134067,0.859179755,0.834832355,0.616315069,0.559780391,0.674224145,0.7156263,0.474591411,0.414485423,0.478015857,0.351966923,0.402796286,0.341396264,0.415031829,0.53965051,0.428720201,0.523632554,0.37889749,0.349406106,0.370125951,0.310227996,0.522814528,0.416811622,0.554293019,0.51224923,0.496629494,0.490933411,0.417877359,0.444360992,0.304113802
31May23_kk1216_P6RNAi_CH3_Stage7_centration,66.7,late maint.,P6RNAi,0.390998082,0.450851717,0.307361234,0.417859889,0.393595781,0.400120949,0.442717021,0.521490587,0.346636436,0.277751928,0.315900094,0.332248782,0.277480223,0.271561924,0.264831244,0.253945783,0.269008404,0.293258623,0.272035236,0.274151961,0.269119917,0.23203674,0.239729071,0.278393872,0.254003006,0.290985087,0.273212453,0.268266456,0.301482194,0.23350142,0.26797366,0,2,4,6,8,10,12,14,16,18,20,22,24,26,28,30,32,34,36,38,40,42,44,46,48,50,52,54,56,58,60,0.896044608,1.03321031,0.704375261,0.957603419,0.901997718,0.916951349,1.014568147,1.195092381,0.79438167,0.636520046,0.723943642,0.761409694,0.635897385,0.622334505,0.606909903,0.581963851,0.616482639,0.672056513,0.623419186,0.628270055,0.616738192,0.531755216,0.54938362,0.63799118,0.582094988,0.666846284,0.626116997,0.614782328,0.690902352,0.535111803,0.614111333
31May23_kk1216_P6RNAi_CH4_Stage7_proMeet,41.7,early maint.,P6RNAi,0.361973826,0.641807995,0.517409134,0.526888258,0.517819189,0.570522518,0.417455782,0.429079596,0.371569423,0.376883324,0.42790267,0.413823508,0.344663183,0.4299308,0.437125965,0.424766001,0.441014969,0.408538367,0.463581164,0.435674113,0.389976455,0.465819118,0.394504348,0.441126409,0.440252227,0.446490427,0.455284167,0.490088396,0.476889576,0.437765278,0.432245164,0,2,4,6,8,10,12,14,16,18,20,22,24,26,28,30,32,34,36,38,40,42,44,46,48,50,52,54,56,58,60,0.696267182,1.234536344,0.995251517,1.013484887,0.99604027,1.097416657,0.802988338,0.825347082,0.714724592,0.724946035,0.823083231,0.796001552,0.662969656,0.826984398,0.840824506,0.817049756,0.848305118,0.78583543,0.89171185,0.838031827,0.750131052,0.89601662,0.758840586,0.848519476,0.846837962,0.858837322,0.875752337,0.942699283,0.917310968,0.842054243,0.831436145
31May23_kk1216_P6RNAi_CH4_Stage8_postNEBD,91.6,late maint.,P6RNAi,0.446557573,0.633602454,0.287387646,0.425158572,0.311910947,0.308576668,0.351292981,0.182260696,0.193259835,0.051597879,-0.023673633,-0.034152782,0.056841188,0.219202752,0.14770699,0.207323722,0.15289703,0.210052403,0.145340923,0.156365171,0.147121613,0.130328868,0.117116145,0.142965524,0.153753474,0.078969131,0.071180094,0.074125897,0.099156254,0.134286851,0.13507826,0,2,4,6,8,10,12,14,16,18,20,22,24,26,28,30,32,34,36,38,40,42,44,46,48,50,52,54,56,58,60,0.799460479,1.134322093,0.514502674,0.7611504,0.558406105,0.552436831,0.628910743,0.326296612,0.345988086,0.092374348,-0.042382293,-0.061142843,0.101761309,0.39243302,0.264436005,0.3711663,0.2737276,0.376051388,0.260200096,0.279936524,0.263388021,0.233324403,0.209670006,0.255947482,0.27526087,0.141376393,0.127431882,0.132705676,0.177516878,0.240410278,0.241827117
31May23_kk1216_P6RNAi_CH5_Stage1_postNEBD,66.7,late maint.,P6RNAi,1.132630112,0.897131653,0.419832359,1.337300903,0.969040948,0.716445827,0.774970249,0.499119373,0.609678925,0.173394072,0.203078853,0.066899306,0.046455528,0.028309422,0.013495189,0.16191365,0.09719603,0.096900915,0.14851064,0.024357583,0.064316861,0.107948746,0.100476058,0.073422431,0.080179827,0.068960428,0.078273686,0.100230557,0.050392097,0.049123474,0.045842499,0,2,4,6,8,10,12,14,16,18,20,22,24,26,28,30,32,34,36,38,40,42,44,46,48,50,52,54,56,58,60,0.961644096,0.761697352,0.356452919,1.13541703,0.822750955,0.608288525,0.657977884,0.423770473,0.517639548,0.147217864,0.172421321,0.05679994,0.03944243,0.024035727,0.011457906,0.137470569,0.082522959,0.082272395,0.126090926,0.020680472,0.05460735,0.091652405,0.085307822,0.06233831,0.068075585,0.058549908,0.066457202,0.085099383,0.04278472,0.041707613,0.038921946
31May23_kk1216_P6RNAi_CH5_Stage2_proMeet,41.7,early maint.,P6RNAi,0.366331248,0.236563684,0.42930123,0.424776166,0.489143679,0.477581504,0.39655719,0.384799892,0.372432043,0.425383783,0.368938062,0.386472596,0.416255326,0.425261855,0.43889188,0.407559682,0.415071453,0.38201019,0.41685827,0.430368028,0.408515769,0.432638809,0.412786243,0.366729382,0.419891158,0.374744893,0.405770117,0.416351893,0.391459865,0.406919997,0.407081313,0,2,4,6,8,10,12,14,16,18,20,22,24,26,28,30,32,34,36,38,40,42,44,46,48,50,52,54,56,58,60,0.921425823,0.595024006,1.079812988,1.068431182,1.230333528,1.201251417,0.997452544,0.967879643,0.936771035,1.069959509,0.927982691,0.972086963,1.046998881,1.069652827,1.103936161,1.025126897,1.044021107,0.960862759,1.048515454,1.082496284,1.027531724,1.088207935,1.038273164,0.922427243,1.056144017,0.942588499,1.020625638,1.047241773,0.984631343,1.023517909,1.023923663
31May23_kk1216_P6RNAi_CH5_Stage8_centration,50,late maint.,P6RNAi,0.431103993,0.503430508,0.527024826,0.38178485,0.349872177,0.308905009,0.341404934,0.327941966,0.370690827,0.325187135,0.320732366,0.316326744,0.299599522,0.35674756,0.345238462,0.297734312,0.348916707,0.311364451,0.315616704,0.329718947,0.326570804,0.354025582,0.325097621,0.289233805,0.324812225,0.311105226,0.341231806,0.299017109,0.290560739,0.314831669,0.330281772,0,2,4,6,8,10,12,14,16,18,20,22,24,26,28,30,32,34,36,38,40,42,44,46,48,50,52,54,56,58,60,0.872817815,1.019250863,1.067020174,0.772965746,0.708355001,0.62541243,0.691212128,0.663954858,0.750504666,0.658377397,0.649358224,0.640438555,0.60657244,0.722274977,0.698973531,0.602796115,0.706420547,0.630391842,0.639001,0.667552553,0.66117879,0.716764031,0.658196167,0.585585896,0.657618351,0.629867011,0.690861613,0.605393279,0.588272421,0.63741161,0.668692054
02Jun22_kk1216_PKC3RNAi_CH4_Stage1_centration,66.7,late maint.,PKC3RNAi,0.372761596,0.488954347,0.398102316,0.429163058,0.380832924,0.309208075,0.301325013,0.341640727,0.336453187,0.282232586,0.230493214,0.219656633,0.198187756,0.215747694,0.169317316,0.214421554,0.192218353,0.17829111,0.191282431,0.146101618,0.16449508,0.181378537,0.182758362,0.198268237,0.192084858,0.229883229,,,,,,0,2.333333333,4.666666667,7,9.333333333,11.66666667,14,16.33333333,18.66666667,21,23.33333333,25.66666667,28,30.33333333,32.66666667,35,37.33333333,39.66666667,42,44.33333333,46.66666667,49,51.33333333,53.66666667,56,58.33333333,,,,,,0.805727446,1.056879091,0.860501633,0.927639697,0.823173692,0.668355955,0.651316648,0.738459415,0.727246503,0.6100482,0.498213095,0.474789731,0.428384565,0.466340524,0.365980857,0.463474061,0.415481648,0.385377792,0.413458645,0.315799923,0.355557552,0.392051291,0.395033797,0.428558525,0.415193099,0.496894607,,,,,
02Jun22_kk1216_PKC3RNAi_CH4_Stage2_centration,66.7,late maint.,PKC3RNAi,0.421701059,0.331118306,0.379946214,0.390441744,0.430631444,0.27895364,0.275911113,0.233472107,0.158115732,0.185948276,0.188064385,0.205492736,0.129582508,0.155544411,0.110490814,0.132018493,0.128657915,0.09793647,0.131296695,0.104928699,0.110030327,0.121126769,0.093150036,0.083312495,0.103090207,0.103788281,,,,,,0,2.333333333,4.666666667,7,9.333333333,11.66666667,14,16.33333333,18.66666667,21,23.33333333,25.66666667,28,30.33333333,32.66666667,35,37.33333333,39.66666667,42,44.33333333,46.66666667,49,51.33333333,53.66666667,56,58.33333333,,,,,,0.957493373,0.751820696,0.862686906,0.886517533,0.977770259,0.633378209,0.626469998,0.530110111,0.359009686,0.422204871,0.427009605,0.466581548,0.294223573,0.353171374,0.250874925,0.2997546,0.292124238,0.22236966,0.298115722,0.238245864,0.249829368,0.275024394,0.211501822,0.189165192,0.234071478,0.23565649,,,,,
02Jun22_kk1216_PKC3RNAi_CH4_Stage3_proMeet,41.7,early maint.,PKC3RNAi,0.359261783,0.312939729,0.332817202,0.283421222,0.356104858,0.323563266,0.327770567,0.358873507,0.36439916,0.326163579,0.334178505,0.328639181,0.339128796,0.320574679,0.29153989,0.296951044,0.296097621,0.275957235,0.297377168,0.282212479,0.287205242,0.318140473,0.27185672,0.238928563,0.264273587,0.250563661,,,,,,0,2.333333333,4.666666667,7,9.333333333,11.66666667,14,16.33333333,18.66666667,21,23.33333333,25.66666667,28,30.33333333,32.66666667,35,37.33333333,39.66666667,42,44.33333333,46.66666667,49,51.33333333,53.66666667,56,58.33333333,,,,,,1.023180883,0.891255244,0.94786647,0.807186264,1.014189929,0.921511174,0.933493609,1.022075069,1.037812178,0.928916892,0.951743474,0.935967429,0.96584195,0.912999653,0.830308304,0.845719322,0.843288764,0.78592876,0.846932926,0.803743752,0.817963188,0.906067012,0.774250453,0.680470758,0.752653622,0.713607625,,,,,
02Jun22_kk1216_PKC3RNAi_CH4_Stage4_proMeet,41.7,early maint.,PKC3RNAi,0.374995659,0.635659605,0.56247363,0.410853024,0.402059307,0.338165968,0.3595748,0.369369598,0.417841751,0.302162639,0.332220572,0.347204593,0.291965668,0.312897442,0.314874214,0.294379281,0.289230626,0.283868949,0.284942083,0.304447335,0.311181669,0.288307313,0.301923533,0.298052828,0.295560485,0.292288991,,,,,,0,2.333333333,4.666666667,7,9.333333333,11.66666667,14,16.33333333,18.66666667,21,23.33333333,25.66666667,28,30.33333333,32.66666667,35,37.33333333,39.66666667,42,44.33333333,46.66666667,49,51.33333333,53.66666667,56,58.33333333,,,,,,0.720516137,1.221355481,1.080736049,0.789412428,0.772516193,0.64975162,0.69088652,0.709706232,0.802840559,0.580574873,0.638328145,0.667118422,0.560982428,0.60120071,0.604998877,0.56561994,0.555727322,0.545425404,0.547487322,0.584964686,0.597904026,0.55395327,0.580115456,0.572678289,0.567889504,0.561603661,,,,,